gender,race/ethnicity,parental level of education,lunch,test preparation course,math score,reading score,writing score
female,group B,bachelor's degree,standard,none,2,11,44
female,group C,bachelor's degree,standard,completed,97,15,25
male,group D,master's degree,standard,completed,68,75,80
male,group C,bachelor's degree,free/reduced,none,71,38,84
male,group A,master's degree,free/reduced,completed,74,62,38
female,group B,master's degree,free/reduced,completed,10,47,19
female,group D,bachelor's degree,standard,none,7,95,3
male,group C,high school,free/reduced,completed,35,10,30
male,group D,associate's degree,free/reduced,completed,9,11,96
male,group B,associate's degree,standard,completed,59,44,4
female,group B,high school,standard,none,42,2,61
male,group A,associate's degree,free/reduced,completed,68,89,7
female,group D,master's degree,free/reduced,completed,23,68,77
female,group D,high school,free/reduced,completed,21,28,51
male,group E,associate's degree,free/reduced,none,35,98,70
male,group C,bachelor's degree,standard,none,83,59,18
female,group E,high school,standard,none,72,54,62
female,group D,some high school,free/reduced,none,21,16,67
female,group A,some high school,free/reduced,completed,95,47,97
female,group B,high school,free/reduced,completed,20,91,23
female,group E,high school,standard,completed,23,35,68
female,group B,master's degree,free/reduced,completed,5,59,43
female,group D,associate's degree,free/reduced,completed,89,65,51
female,group E,master's degree,standard,completed,42,23,71
female,group C,bachelor's degree,standard,none,99,27,53
female,group D,master's degree,free/reduced,completed,34,5,34
male,group D,master's degree,standard,none,67,43,98
female,group D,associate's degree,standard,completed,81,58,55
female,group E,associate's degree,free/reduced,none,12,14,95
female,group A,some high school,free/reduced,completed,22,62,51
female,group D,master's degree,free/reduced,none,34,18,83
male,group C,associate's degree,free/reduced,none,37,66,70
female,group C,bachelor's degree,standard,completed,46,100,63
male,group C,some high school,standard,none,88,88,50
female,group E,associate's degree,free/reduced,completed,86,0,24
male,group A,associate's degree,free/reduced,completed,34,39,27
male,group B,master's degree,standard,completed,93,71,70
male,group A,high school,standard,none,20,72,99
female,group A,bachelor's degree,standard,completed,86,13,7
male,group B,some high school,standard,none,89,95,9
male,group E,master's degree,free/reduced,completed,31,73,82
female,group D,master's degree,standard,completed,31,23,43
male,group A,high school,free/reduced,completed,98,10,3
female,group B,bachelor's degree,standard,completed,79,7,11
female,group D,high school,standard,completed,67,78,49
male,group B,high school,standard,none,75,89,50
female,group B,associate's degree,free/reduced,completed,8,2,98
male,group C,high school,free/reduced,none,62,71,11
male,group B,bachelor's degree,free/reduced,completed,62,34,62
female,group E,high school,free/reduced,completed,25,11,39
male,group E,associate's degree,standard,none,61,99,43
male,group C,bachelor's degree,free/reduced,none,34,73,93
female,group D,high school,standard,none,26,55,71
female,group A,master's degree,free/reduced,none,63,35,64
female,group E,some high school,free/reduced,none,25,56,24
female,group D,some high school,free/reduced,none,38,73,92
male,group A,associate's degree,standard,completed,9,13,88
female,group D,some high school,standard,completed,27,35,95
female,group B,some high school,free/reduced,none,33,48,31
female,group B,high school,free/reduced,completed,90,34,85
female,group C,master's degree,standard,completed,54,80,41
female,group B,some high school,free/reduced,none,35,21,62
male,group A,bachelor's degree,standard,none,100,84,77
male,group C,bachelor's degree,free/reduced,completed,98,95,93
female,group D,master's degree,free/reduced,completed,47,76,29
female,group B,high school,free/reduced,none,15,59,81
female,group A,some high school,standard,completed,26,7,45
male,group B,high school,standard,none,28,0,1
female,group C,some high school,standard,none,29,91,62
female,group E,bachelor's degree,free/reduced,none,36,99,27
female,group B,master's degree,standard,none,55,87,52
male,group C,some high school,free/reduced,completed,48,55,14
male,group E,bachelor's degree,free/reduced,none,100,16,48
female,group E,high school,standard,completed,69,21,57
male,group C,some high school,free/reduced,completed,85,16,45
female,group C,master's degree,free/reduced,completed,60,30,91
male,group A,associate's degree,free/reduced,completed,77,33,10
male,group B,bachelor's degree,standard,none,15,25,16
female,group A,master's degree,free/reduced,none,70,12,81
male,group B,associate's degree,standard,none,67,55,25
female,group D,bachelor's degree,standard,completed,55,71,73
male,group C,bachelor's degree,free/reduced,none,40,76,10
female,group A,master's degree,free/reduced,none,70,58,41
male,group A,high school,standard,none,22,77,38
male,group C,bachelor's degree,free/reduced,none,23,16,52
male,group C,master's degree,standard,completed,20,13,86
female,group D,master's degree,standard,completed,40,93,97
male,group E,high school,standard,completed,80,38,74
male,group B,bachelor's degree,free/reduced,completed,51,0,25
female,group B,high school,standard,completed,63,33,48
female,group E,master's degree,standard,none,44,76,68
female,group C,master's degree,standard,none,71,59,88
female,group D,master's degree,free/reduced,none,22,100,90
male,group A,master's degree,free/reduced,completed,29,25,49
female,group A,master's degree,free/reduced,completed,25,38,27
male,group E,some high school,standard,none,45,30,6
male,group D,some high school,free/reduced,completed,65,48,89
male,group C,associate's degree,free/reduced,none,89,68,11
male,group D,master's degree,standard,completed,73,70,2
female,group E,master's degree,free/reduced,none,16,6,2
male,group E,high school,free/reduced,completed,22,91,49
female,group A,bachelor's degree,standard,completed,21,67,63
male,group C,high school,standard,completed,61,42,41
male,group C,master's degree,standard,none,83,18,77
female,group A,bachelor's degree,free/reduced,completed,49,53,90
male,group E,associate's degree,free/reduced,none,46,74,47
female,group A,bachelor's degree,standard,completed,81,63,10
male,group A,some high school,free/reduced,completed,23,0,66
female,group A,high school,standard,none,97,72,17
female,group C,bachelor's degree,free/reduced,none,77,37,48
male,group D,associate's degree,free/reduced,none,30,82,26
male,group A,master's degree,free/reduced,none,3,71,14
female,group A,high school,free/reduced,completed,48,77,85
male,group E,some high school,standard,completed,33,95,58
female,group C,high school,free/reduced,completed,20,92,14
female,group D,some high school,standard,none,64,18,94
male,group C,high school,free/reduced,none,75,29,70
male,group B,high school,standard,none,47,82,3
female,group D,some high school,free/reduced,completed,46,42,71
female,group C,some high school,free/reduced,completed,26,82,18
male,group B,some high school,standard,none,74,1,63
male,group D,bachelor's degree,standard,none,21,74,91
male,group D,some high school,free/reduced,completed,35,59,64
female,group B,associate's degree,standard,none,59,52,7
male,group D,master's degree,standard,none,39,96,6
female,group D,master's degree,standard,none,66,0,15
female,group D,some high school,standard,none,63,93,69
male,group C,some high school,free/reduced,none,62,4,71
male,group D,associate's degree,standard,completed,36,57,93
female,group A,master's degree,standard,none,43,25,47
male,group D,master's degree,free/reduced,none,26,39,87
female,group E,high school,free/reduced,completed,55,47,35
female,group D,high school,standard,completed,87,53,8
male,group A,some high school,free/reduced,completed,87,97,62
male,group D,high school,standard,none,63,57,15
female,group D,master's degree,standard,none,91,18,28
female,group E,associate's degree,free/reduced,completed,64,92,12
female,group E,some high school,standard,none,1,55,42
female,group D,associate's degree,standard,none,73,77,78
female,group A,some high school,free/reduced,completed,51,64,14
female,group A,bachelor's degree,free/reduced,completed,1,44,10
male,group E,high school,free/reduced,completed,29,62,52
male,group C,master's degree,standard,completed,70,36,1
female,group D,associate's degree,standard,completed,25,79,13
female,group A,master's degree,free/reduced,none,7,89,30
female,group E,bachelor's degree,standard,none,62,23,59
male,group A,master's degree,standard,none,23,82,64
female,group C,high school,standard,none,88,31,74
female,group D,high school,standard,completed,50,82,86
female,group C,some high school,free/reduced,completed,54,7,39
female,group B,some high school,free/reduced,completed,62,28,42
female,group B,master's degree,standard,none,88,23,66
male,group D,some high school,standard,completed,47,59,40
female,group A,bachelor's degree,free/reduced,completed,59,90,69
female,group A,associate's degree,standard,completed,28,76,68
male,group A,bachelor's degree,standard,completed,36,69,36
male,group C,high school,standard,none,6,56,46
female,group E,bachelor's degree,free/reduced,completed,40,13,92
female,group B,master's degree,free/reduced,none,65,10,33
male,group D,high school,free/reduced,completed,41,72,68
female,group C,associate's degree,standard,none,20,15,65
female,group E,some high school,free/reduced,completed,21,71,47
male,group E,master's degree,standard,completed,43,52,21
male,group E,associate's degree,free/reduced,completed,36,39,28
male,group E,bachelor's degree,standard,completed,73,88,6
male,group A,high school,free/reduced,none,0,24,33
female,group C,associate's degree,free/reduced,none,83,74,76
female,group E,master's degree,free/reduced,completed,78,11,35
male,group A,associate's degree,free/reduced,none,72,39,54
male,group E,bachelor's degree,standard,completed,42,30,31
male,group D,some high school,free/reduced,none,48,51,50
female,group C,some high school,free/reduced,completed,85,42,41
male,group B,high school,free/reduced,none,90,35,99
female,group D,some high school,standard,none,92,36,76
male,group D,associate's degree,standard,completed,40,90,4
female,group C,associate's degree,free/reduced,none,58,68,36
female,group C,associate's degree,standard,none,2,85,56
female,group A,some high school,free/reduced,none,96,74,56
female,group A,some high school,free/reduced,none,30,6,46
female,group D,bachelor's degree,free/reduced,none,71,71,42
female,group A,some high school,free/reduced,none,38,72,37
male,group C,master's degree,standard,completed,20,92,14
male,group D,some high school,free/reduced,completed,72,45,22
female,group B,associate's degree,standard,none,100,70,13
female,group A,associate's degree,free/reduced,completed,11,46,33
female,group B,master's degree,free/reduced,none,69,80,3
female,group C,some high school,standard,completed,96,43,21
male,group A,some high school,free/reduced,none,12,47,14
male,group D,high school,free/reduced,none,14,74,96
male,group B,associate's degree,free/reduced,completed,80,70,96
female,group A,some high school,free/reduced,none,85,13,71
female,group E,high school,standard,completed,49,27,90
male,group E,high school,free/reduced,completed,98,62,85
male,group A,associate's degree,standard,none,11,67,94
female,group C,bachelor's degree,standard,completed,52,12,83
female,group D,associate's degree,free/reduced,completed,20,29,73
female,group E,high school,standard,completed,18,29,60
male,group D,master's degree,standard,none,69,86,89
male,group D,associate's degree,standard,completed,82,73,29
male,group B,associate's degree,standard,none,5,77,54
female,group B,master's degree,standard,none,95,56,79
male,group B,high school,standard,completed,80,30,58
male,group B,high school,free/reduced,none,89,45,59
female,group E,associate's degree,free/reduced,completed,13,34,15
male,group B,bachelor's degree,standard,none,91,59,35
female,group A,bachelor's degree,free/reduced,completed,69,93,17
female,group A,associate's degree,standard,none,33,53,21
male,group C,associate's degree,free/reduced,completed,94,84,46
male,group B,bachelor's degree,standard,completed,100,20,12
female,group A,some high school,free/reduced,none,41,66,76
male,group C,bachelor's degree,standard,none,90,88,6
male,group E,high school,free/reduced,none,42,11,44
female,group B,master's degree,free/reduced,none,90,49,38
male,group A,high school,free/reduced,none,19,33,77
female,group D,associate's degree,standard,completed,34,3,58
female,group E,high school,free/reduced,completed,54,8,5
female,group B,master's degree,free/reduced,completed,80,26,1
male,group B,some high school,free/reduced,none,6,61,14
female,group E,some high school,free/reduced,none,81,41,28
female,group B,some high school,standard,none,25,9,64
male,group E,high school,free/reduced,none,62,55,11
male,group A,associate's degree,standard,none,18,22,34
female,group B,high school,free/reduced,completed,43,73,21
male,group A,master's degree,free/reduced,completed,9,5,73
male,group A,associate's degree,free/reduced,none,30,48,16
female,group B,some high school,standard,completed,60,12,71
male,group E,associate's degree,standard,none,67,99,98
female,group C,high school,standard,completed,81,9,90
male,group E,master's degree,free/reduced,none,73,59,58
male,group B,associate's degree,standard,none,95,5,74
female,group B,high school,free/reduced,none,97,58,15
male,group B,associate's degree,free/reduced,completed,78,31,9
female,group C,bachelor's degree,standard,completed,69,5,32
female,group B,some high school,standard,completed,65,52,9
male,group B,master's degree,standard,none,81,69,41
female,group C,some high school,free/reduced,none,79,90,31
male,group E,high school,free/reduced,none,25,6,26
female,group E,bachelor's degree,free/reduced,none,50,45,33
male,group B,master's degree,free/reduced,completed,83,55,50
male,group C,high school,standard,none,47,75,14
male,group B,master's degree,free/reduced,none,83,68,74
female,group D,master's degree,standard,none,95,30,71
female,group C,some high school,free/reduced,none,27,43,64
male,group D,high school,free/reduced,none,45,70,16
female,group D,associate's degree,standard,completed,67,49,74
female,group D,master's degree,standard,completed,3,68,39
female,group E,master's degree,standard,none,51,25,9
male,group C,master's degree,free/reduced,completed,83,5,29
male,group A,associate's degree,free/reduced,none,13,53,44
female,group A,bachelor's degree,free/reduced,completed,86,74,58
female,group A,master's degree,standard,none,24,41,79
male,group E,high school,standard,none,37,93,83
female,group E,bachelor's degree,standard,completed,35,28,2
male,group B,high school,free/reduced,completed,78,76,66
male,group B,master's degree,free/reduced,none,40,27,21
female,group C,some high school,free/reduced,none,69,17,58
female,group E,bachelor's degree,standard,none,49,25,10
female,group B,some high school,free/reduced,none,19,14,83
female,group B,master's degree,standard,none,7,69,71
male,group A,bachelor's degree,standard,none,70,12,6
male,group E,bachelor's degree,standard,none,66,12,2
male,group E,bachelor's degree,free/reduced,none,94,37,46
female,group D,master's degree,standard,completed,93,14,70
male,group D,some high school,free/reduced,none,10,70,70
male,group E,high school,free/reduced,completed,77,46,1
female,group B,associate's degree,standard,completed,9,54,23
female,group C,master's degree,free/reduced,none,36,46,73
male,group C,some high school,standard,none,72,21,1
male,group B,associate's degree,standard,completed,74,10,97
female,group B,master's degree,free/reduced,completed,84,54,41
male,group D,bachelor's degree,standard,none,90,21,46
female,group C,associate's degree,free/reduced,completed,85,28,23
male,group D,some high school,free/reduced,completed,0,55,92
female,group D,high school,free/reduced,none,95,44,39
male,group E,bachelor's degree,standard,completed,51,56,88
female,group B,associate's degree,standard,none,21,15,20
female,group B,master's degree,free/reduced,completed,96,62,8
male,group A,master's degree,free/reduced,none,4,76,42
male,group D,some high school,standard,none,72,86,16
female,group E,associate's degree,standard,none,83,14,92
male,group D,bachelor's degree,standard,completed,32,77,40
female,group E,associate's degree,standard,none,74,11,66
female,group C,associate's degree,standard,completed,95,38,17
male,group B,associate's degree,standard,none,75,78,23
female,group C,master's degree,standard,none,16,56,14
male,group A,some high school,standard,completed,79,74,26
female,group C,associate's degree,standard,completed,79,13,54
female,group E,some high school,standard,none,9,15,35
male,group C,master's degree,standard,completed,4,18,1
male,group B,master's degree,standard,completed,37,23,81
male,group E,high school,standard,none,73,17,26
female,group D,some high school,free/reduced,completed,23,71,98
male,group B,associate's degree,standard,completed,21,100,87
female,group B,associate's degree,free/reduced,none,9,18,85
female,group D,bachelor's degree,free/reduced,none,95,7,34
female,group B,bachelor's degree,standard,none,51,22,63
male,group C,bachelor's degree,standard,completed,34,25,59
female,group B,high school,standard,none,11,15,80
male,group B,some high school,free/reduced,none,21,29,73
female,group B,high school,standard,completed,99,83,18
female,group D,master's degree,standard,none,12,30,60
male,group E,associate's degree,free/reduced,none,57,89,69
male,group A,bachelor's degree,standard,none,3,95,93
male,group B,some high school,free/reduced,completed,86,21,35
male,group A,some high school,free/reduced,none,21,5,90
female,group D,some high school,free/reduced,none,69,5,74
male,group C,associate's degree,standard,completed,91,56,32
male,group D,high school,free/reduced,none,68,0,29
male,group E,bachelor's degree,free/reduced,completed,65,18,13
female,group C,high school,free/reduced,completed,17,88,6
female,group A,bachelor's degree,standard,completed,21,79,8
female,group A,associate's degree,free/reduced,completed,56,91,36
female,group D,bachelor's degree,free/reduced,completed,42,18,0
male,group E,bachelor's degree,free/reduced,completed,21,48,95
female,group B,some high school,standard,none,53,63,27
female,group C,bachelor's degree,free/reduced,none,30,24,4
female,group B,master's degree,free/reduced,completed,0,11,96
male,group B,high school,free/reduced,none,70,64,16
male,group C,bachelor's degree,standard,none,25,0,92
male,group D,master's degree,free/reduced,completed,53,2,29
female,group A,high school,free/reduced,none,77,77,16
female,group D,associate's degree,free/reduced,none,75,1,54
male,group B,bachelor's degree,standard,none,66,5,27
female,group B,associate's degree,standard,none,70,53,66
female,group B,some high school,standard,none,19,4,14
female,group D,associate's degree,standard,completed,23,90,95
male,group B,high school,free/reduced,none,2,99,68
male,group B,bachelor's degree,standard,none,78,37,4
female,group E,associate's degree,free/reduced,none,57,5,1
male,group A,some high school,free/reduced,completed,32,4,98
male,group C,bachelor's degree,standard,completed,22,99,55
female,group E,bachelor's degree,standard,completed,16,60,92
female,group C,associate's degree,free/reduced,none,17,70,59
male,group B,some high school,free/reduced,completed,46,87,22
male,group E,bachelor's degree,standard,none,64,85,36
female,group E,master's degree,free/reduced,completed,5,59,45
female,group A,bachelor's degree,free/reduced,completed,28,0,100
female,group B,master's degree,standard,none,13,96,96
male,group C,associate's degree,standard,none,43,32,3
female,group B,high school,standard,none,19,52,50
female,group A,bachelor's degree,free/reduced,completed,80,76,60
female,group B,associate's degree,standard,none,24,93,95
male,group A,some high school,standard,none,5,9,80
male,group D,master's degree,standard,none,14,55,54
male,group A,high school,standard,completed,76,32,51
female,group D,high school,free/reduced,completed,89,88,67
female,group B,bachelor's degree,standard,none,23,95,24
female,group D,associate's degree,free/reduced,none,24,23,89
male,group E,some high school,standard,completed,16,59,100
male,group A,some high school,standard,none,52,93,91
male,group E,some high school,free/reduced,completed,92,66,92
female,group B,high school,standard,none,76,3,52
female,group E,bachelor's degree,free/reduced,none,15,44,52
male,group C,bachelor's degree,standard,none,42,29,95
female,group B,master's degree,free/reduced,none,68,44,48
female,group E,associate's degree,standard,completed,84,10,13
female,group E,associate's degree,free/reduced,none,66,23,60
female,group C,associate's degree,free/reduced,none,80,77,52
female,group D,bachelor's degree,standard,completed,62,85,46
female,group E,associate's degree,standard,completed,83,14,44
female,group B,bachelor's degree,standard,completed,77,17,19
female,group B,associate's degree,free/reduced,none,81,89,41
female,group B,some high school,standard,none,14,74,40
male,group D,some high school,standard,completed,29,65,12
female,group C,some high school,free/reduced,completed,13,72,69
male,group A,some high school,standard,completed,25,90,1
female,group B,some high school,standard,none,13,47,0
female,group C,bachelor's degree,free/reduced,completed,10,2,61
female,group E,master's degree,free/reduced,completed,78,54,46
female,group A,master's degree,free/reduced,completed,55,31,49
male,group A,master's degree,standard,none,33,97,97
male,group B,high school,standard,completed,97,27,26
male,group E,master's degree,standard,none,93,25,60
male,group D,associate's degree,free/reduced,none,93,11,67
female,group B,master's degree,free/reduced,none,59,45,35
male,group A,some high school,free/reduced,completed,3,41,26
female,group A,bachelor's degree,standard,completed,52,26,60
female,group A,master's degree,standard,completed,22,70,96
male,group D,high school,standard,completed,30,90,24
male,group B,master's degree,standard,completed,38,28,91
female,group A,high school,free/reduced,completed,56,5,61
male,group D,associate's degree,free/reduced,completed,40,65,20
male,group A,master's degree,free/reduced,completed,0,47,23
female,group A,master's degree,free/reduced,completed,51,65,37
male,group C,bachelor's degree,standard,none,39,28,31
female,group E,master's degree,standard,completed,39,6,66
male,group E,associate's degree,free/reduced,none,100,49,75
female,group A,associate's degree,free/reduced,completed,89,11,43
male,group D,associate's degree,free/reduced,none,45,66,50
male,group D,high school,standard,completed,2,47,96
male,group B,master's degree,free/reduced,none,16,72,34
male,group D,some high school,free/reduced,none,35,5,79
male,group C,bachelor's degree,free/reduced,none,35,31,88
female,group E,associate's degree,free/reduced,completed,53,20,16
male,group A,master's degree,free/reduced,completed,74,52,11
male,group C,high school,free/reduced,completed,93,95,38
female,group B,master's degree,standard,none,88,91,26
female,group D,bachelor's degree,free/reduced,completed,85,64,39
male,group A,bachelor's degree,free/reduced,none,100,92,13
female,group D,bachelor's degree,standard,none,55,69,37
male,group A,high school,free/reduced,completed,43,80,18
female,group E,associate's degree,free/reduced,none,42,29,84
female,group D,high school,free/reduced,completed,7,36,15
female,group A,high school,free/reduced,none,54,18,13
male,group C,some high school,free/reduced,none,82,84,67
female,group D,high school,standard,none,18,92,70
female,group C,master's degree,standard,completed,91,3,67
female,group D,associate's degree,standard,none,12,35,55
female,group D,master's degree,standard,none,14,41,17
male,group A,master's degree,free/reduced,completed,89,81,32
male,group A,bachelor's degree,free/reduced,none,13,47,16
female,group B,high school,free/reduced,none,40,32,6
female,group E,some high school,standard,completed,22,13,16
female,group A,high school,standard,completed,87,10,71
female,group E,bachelor's degree,standard,completed,14,76,100
female,group E,high school,free/reduced,none,70,64,14
female,group C,some high school,standard,completed,75,10,1
male,group D,high school,free/reduced,completed,23,100,22
male,group E,some high school,standard,completed,58,94,87
male,group B,associate's degree,free/reduced,completed,79,39,18
female,group B,high school,standard,completed,29,83,60
male,group A,master's degree,free/reduced,none,88,10,100
male,group C,high school,free/reduced,completed,65,13,51
female,group D,some high school,free/reduced,none,61,52,91
female,group C,high school,free/reduced,completed,33,53,86
female,group D,high school,free/reduced,none,78,63,47
female,group C,high school,free/reduced,none,28,12,66
female,group C,high school,free/reduced,none,33,35,81
female,group D,associate's degree,standard,none,84,32,92
male,group A,some high school,free/reduced,none,28,56,53
male,group D,some high school,standard,none,47,8,18
male,group E,high school,free/reduced,none,38,4,22
male,group A,master's degree,standard,none,39,78,90
female,group A,bachelor's degree,standard,none,22,19,84
male,group D,associate's degree,free/reduced,none,17,35,86
female,group C,some high school,free/reduced,completed,57,64,21
female,group A,master's degree,standard,completed,84,90,52
female,group D,high school,free/reduced,completed,43,18,81
female,group B,high school,standard,completed,34,24,78
female,group C,high school,standard,none,35,85,22
female,group A,high school,free/reduced,none,76,59,62
female,group D,associate's degree,standard,none,88,18,47
female,group C,some high school,standard,completed,13,43,27
female,group D,bachelor's degree,standard,none,73,83,86
male,group E,high school,standard,completed,62,90,59
male,group C,some high school,free/reduced,completed,3,8,80
female,group E,some high school,free/reduced,completed,91,90,85
female,group D,associate's degree,standard,none,94,16,80
male,group D,some high school,free/reduced,completed,12,50,20
female,group D,associate's degree,standard,completed,98,93,40
male,group E,high school,standard,completed,98,25,97
male,group B,high school,standard,completed,34,97,96
male,group B,some high school,standard,completed,63,34,80
male,group E,bachelor's degree,standard,none,0,23,83
male,group E,master's degree,standard,none,50,72,27
female,group D,some high school,free/reduced,none,75,35,87
male,group B,associate's degree,standard,none,83,56,91
female,group D,high school,standard,none,54,78,65
female,group B,some high school,standard,completed,68,3,28
female,group E,master's degree,standard,completed,90,73,52
female,group C,associate's degree,free/reduced,completed,88,56,78
female,group B,associate's degree,standard,none,30,10,5
female,group B,associate's degree,free/reduced,completed,80,51,89
male,group B,bachelor's degree,free/reduced,none,79,8,85
female,group A,high school,standard,completed,69,20,77
female,group E,associate's degree,free/reduced,none,80,10,60
male,group B,associate's degree,free/reduced,none,95,41,71
female,group B,some high school,standard,completed,84,95,12
male,group A,master's degree,standard,none,70,64,71
male,group D,associate's degree,standard,none,25,43,78
female,group C,high school,standard,completed,78,37,24
female,group A,bachelor's degree,standard,completed,0,13,66
male,group C,some high school,free/reduced,completed,9,0,12
male,group A,master's degree,standard,completed,2,60,50
male,group B,some high school,standard,completed,66,48,61
female,group A,master's degree,free/reduced,none,72,78,69
male,group E,bachelor's degree,free/reduced,none,40,88,45
male,group E,master's degree,free/reduced,none,78,57,96
male,group A,associate's degree,free/reduced,completed,33,88,7
male,group B,high school,free/reduced,none,19,33,81
male,group C,master's degree,standard,completed,89,39,21
male,group B,high school,free/reduced,none,80,85,20
female,group E,associate's degree,standard,completed,32,88,77
male,group C,high school,free/reduced,completed,45,17,65
female,group B,high school,free/reduced,none,83,95,38
female,group D,bachelor's degree,standard,none,13,94,75
male,group B,high school,standard,none,88,40,52
female,group B,associate's degree,free/reduced,none,77,83,48
female,group B,bachelor's degree,free/reduced,none,25,36,97
female,group E,high school,free/reduced,none,48,85,56
female,group A,high school,standard,completed,63,56,73
male,group D,some high school,free/reduced,none,55,40,57
male,group D,high school,free/reduced,completed,46,93,53
female,group D,associate's degree,standard,completed,56,75,14
female,group A,bachelor's degree,standard,completed,28,48,47
male,group B,some high school,free/reduced,none,98,46,41
male,group A,high school,free/reduced,completed,68,10,92
male,group C,master's degree,free/reduced,none,15,23,13
male,group E,bachelor's degree,free/reduced,none,49,15,91
female,group B,associate's degree,free/reduced,none,42,84,41
female,group E,associate's degree,free/reduced,none,68,47,45
female,group A,bachelor's degree,standard,none,35,22,45
female,group C,high school,standard,none,61,90,69
female,group E,high school,free/reduced,completed,0,28,66
male,group B,some high school,standard,none,72,79,43
female,group E,bachelor's degree,standard,none,89,68,89
male,group C,master's degree,standard,none,91,24,85
male,group A,high school,free/reduced,none,5,1,2
male,group B,high school,free/reduced,completed,7,46,80
male,group C,some high school,free/reduced,none,61,44,78
male,group B,master's degree,standard,none,27,83,40
female,group B,master's degree,standard,completed,22,31,70
female,group C,high school,free/reduced,completed,30,93,38
male,group B,some high school,free/reduced,none,0,93,34
female,group C,associate's degree,standard,none,57,8,18
male,group D,associate's degree,standard,none,70,83,4
male,group E,associate's degree,free/reduced,none,93,79,15
male,group D,master's degree,standard,completed,53,92,96
male,group C,associate's degree,free/reduced,none,27,91,90
male,group A,associate's degree,free/reduced,completed,25,9,95
female,group A,bachelor's degree,standard,none,55,35,82
male,group B,high school,standard,completed,70,16,18
male,group A,associate's degree,standard,completed,79,8,87
male,group B,master's degree,standard,none,83,84,12
male,group A,associate's degree,standard,completed,84,10,59
male,group C,high school,free/reduced,completed,4,49,80
male,group E,high school,free/reduced,none,1,92,41
female,group E,associate's degree,free/reduced,completed,61,7,11
male,group C,associate's degree,standard,none,26,62,69
male,group D,bachelor's degree,standard,completed,39,91,89
male,group E,bachelor's degree,free/reduced,completed,18,38,73
female,group A,high school,standard,completed,75,14,26
female,group E,associate's degree,free/reduced,none,48,42,97
male,group C,some high school,standard,none,82,45,53
female,group E,associate's degree,standard,completed,41,35,60
male,group A,some high school,standard,none,67,71,43
male,group A,some high school,standard,completed,48,14,72
female,group E,bachelor's degree,free/reduced,completed,53,15,51
female,group B,bachelor's degree,free/reduced,completed,54,26,40
male,group D,associate's degree,free/reduced,none,52,55,67
male,group A,high school,free/reduced,none,6,65,65
female,group D,some high school,free/reduced,none,9,22,80
male,group B,bachelor's degree,standard,none,7,56,53
female,group B,some high school,free/reduced,completed,87,89,65
male,group E,bachelor's degree,standard,completed,22,15,59
male,group E,associate's degree,standard,completed,38,97,30
female,group B,some high school,free/reduced,none,67,5,8
female,group C,master's degree,free/reduced,completed,16,9,32
female,group B,master's degree,free/reduced,completed,18,59,70
male,group B,master's degree,standard,completed,71,20,12
female,group D,high school,standard,completed,37,96,100
female,group A,associate's degree,free/reduced,none,53,43,90
female,group E,high school,free/reduced,completed,72,50,85
male,group E,bachelor's degree,standard,completed,65,53,58
male,group C,master's degree,standard,completed,61,61,96
female,group A,associate's degree,standard,completed,96,42,77
female,group D,high school,free/reduced,none,90,57,78
female,group E,some high school,standard,none,7,10,42
female,group C,high school,standard,completed,64,63,9
male,group E,associate's degree,standard,completed,83,36,52
male,group A,master's degree,free/reduced,completed,2,96,36
female,group C,associate's degree,standard,completed,17,44,25
female,group E,associate's degree,free/reduced,completed,33,89,72
male,group A,associate's degree,free/reduced,completed,29,47,59
male,group D,some high school,standard,none,46,20,100
male,group A,associate's degree,free/reduced,completed,92,90,94
female,group A,associate's degree,free/reduced,none,6,69,38
male,group D,some high school,free/reduced,completed,85,53,45
female,group E,some high school,free/reduced,none,96,65,93
male,group E,some high school,free/reduced,none,18,86,58
male,group A,master's degree,standard,completed,20,86,22
female,group E,some high school,free/reduced,none,28,58,86
male,group D,bachelor's degree,free/reduced,none,18,42,54
male,group E,master's degree,standard,completed,59,21,72
male,group D,high school,standard,none,83,55,41
male,group D,some high school,standard,completed,96,20,46
male,group A,some high school,standard,completed,34,44,11
female,group E,associate's degree,standard,none,18,56,52
female,group D,master's degree,standard,none,9,42,9
male,group D,master's degree,free/reduced,none,4,54,7
male,group E,bachelor's degree,free/reduced,completed,74,12,32
male,group C,master's degree,standard,none,21,12,91
male,group A,master's degree,standard,completed,32,25,100
male,group B,master's degree,standard,none,11,65,40
female,group C,high school,free/reduced,none,91,78,92
male,group C,associate's degree,free/reduced,completed,66,80,52
male,group C,bachelor's degree,free/reduced,none,78,97,35
male,group C,associate's degree,standard,none,85,54,82
male,group C,high school,free/reduced,completed,73,88,45
female,group E,associate's degree,free/reduced,none,9,53,54
female,group B,master's degree,free/reduced,completed,17,29,78
male,group D,master's degree,free/reduced,none,96,51,93
female,group D,some high school,free/reduced,none,67,11,38
female,group C,master's degree,standard,completed,54,82,86
female,group D,some high school,standard,none,28,79,21
male,group A,master's degree,free/reduced,none,37,90,46
female,group D,master's degree,free/reduced,completed,37,97,32
female,group B,some high school,standard,none,42,67,1
female,group B,associate's degree,free/reduced,none,61,50,48
female,group D,high school,free/reduced,none,83,11,35
male,group C,associate's degree,standard,none,87,48,38
female,group C,master's degree,standard,none,76,2,37
male,group D,bachelor's degree,standard,completed,27,28,71
male,group E,high school,standard,completed,75,19,87
male,group C,associate's degree,standard,none,8,69,98
male,group D,some high school,standard,completed,74,34,100
male,group E,master's degree,free/reduced,none,6,9,66
female,group E,some high school,free/reduced,completed,44,32,64
male,group E,some high school,free/reduced,completed,7,92,3
male,group C,high school,standard,none,85,80,2
male,group A,high school,free/reduced,completed,50,98,52
male,group B,bachelor's degree,free/reduced,none,25,90,20
male,group A,some high school,standard,completed,74,39,2
male,group D,some high school,standard,none,60,43,23
male,group B,associate's degree,free/reduced,none,5,68,33
male,group A,master's degree,free/reduced,completed,33,4,69
female,group A,bachelor's degree,free/reduced,completed,82,1,57
female,group B,some high school,free/reduced,none,84,67,6
male,group A,high school,free/reduced,none,30,54,12
female,group C,some high school,free/reduced,completed,31,23,86
male,group D,high school,standard,none,42,85,5
male,group A,bachelor's degree,standard,none,48,76,90
female,group B,associate's degree,standard,completed,38,30,94
male,group C,associate's degree,standard,none,94,2,30
female,group A,associate's degree,free/reduced,none,79,19,55
male,group A,high school,standard,none,68,85,20
male,group E,some high school,standard,completed,83,85,72
female,group C,high school,free/reduced,none,10,14,86
female,group A,high school,free/reduced,none,88,81,66
male,group E,high school,standard,none,58,9,89
male,group B,associate's degree,standard,none,85,84,100
male,group B,master's degree,free/reduced,none,90,34,48
female,group A,high school,standard,none,5,90,26
female,group E,associate's degree,free/reduced,completed,13,62,17
female,group D,bachelor's degree,free/reduced,completed,54,65,0
female,group B,associate's degree,standard,completed,37,40,92
female,group A,associate's degree,standard,none,35,94,28
female,group A,master's degree,free/reduced,none,97,85,35
female,group D,associate's degree,free/reduced,none,18,64,3
female,group B,bachelor's degree,standard,completed,45,29,32
male,group B,master's degree,free/reduced,none,78,57,87
female,group D,bachelor's degree,free/reduced,completed,62,98,32
female,group C,master's degree,free/reduced,none,97,93,13
male,group B,some high school,free/reduced,completed,73,51,0
male,group D,high school,standard,none,54,36,59
female,group B,high school,free/reduced,completed,22,80,33
male,group D,associate's degree,standard,none,54,23,71
female,group A,bachelor's degree,standard,none,13,39,86
male,group E,high school,free/reduced,none,59,1,60
female,group C,bachelor's degree,free/reduced,completed,37,23,8
female,group A,associate's degree,free/reduced,completed,46,8,46
male,group E,master's degree,free/reduced,none,86,49,53
female,group C,associate's degree,standard,completed,90,4,1
male,group C,some high school,standard,none,78,84,84
female,group D,master's degree,free/reduced,none,10,66,45
male,group E,master's degree,free/reduced,completed,89,2,76
female,group A,bachelor's degree,free/reduced,completed,53,73,94
female,group C,master's degree,standard,none,48,25,23
male,group A,high school,free/reduced,none,76,39,8
female,group C,associate's degree,standard,completed,91,9,33
male,group C,some high school,free/reduced,none,29,75,76
female,group C,master's degree,free/reduced,completed,13,55,42
female,group B,some high school,standard,none,86,95,26
female,group D,bachelor's degree,standard,none,63,68,15
male,group C,high school,standard,completed,50,7,26
female,group D,associate's degree,standard,completed,33,48,67
male,group B,high school,free/reduced,none,87,97,96
female,group A,associate's degree,free/reduced,none,23,64,1
female,group C,some high school,free/reduced,completed,67,23,74
male,group B,bachelor's degree,free/reduced,completed,16,50,44
male,group C,high school,standard,none,21,83,94
male,group E,some high school,standard,completed,28,60,14
female,group D,some high school,standard,completed,69,51,31
female,group A,some high school,standard,completed,16,78,99
male,group B,master's degree,standard,none,94,0,92
male,group A,high school,standard,none,100,57,42
female,group B,some high school,standard,none,64,76,56
female,group B,bachelor's degree,free/reduced,completed,86,34,2
male,group A,high school,standard,completed,39,6,15
female,group A,some high school,standard,none,93,8,19
male,group B,associate's degree,standard,completed,69,26,72
male,group C,associate's degree,free/reduced,none,89,53,84
female,group A,bachelor's degree,free/reduced,completed,99,27,94
female,group D,master's degree,free/reduced,none,85,17,48
male,group C,associate's degree,free/reduced,none,76,29,34
male,group A,high school,standard,completed,48,96,7
female,group E,associate's degree,standard,completed,88,29,62
female,group C,high school,free/reduced,completed,58,68,6
female,group D,master's degree,free/reduced,completed,41,99,48
male,group E,associate's degree,free/reduced,none,19,86,96
male,group C,bachelor's degree,free/reduced,none,66,41,96
female,group D,master's degree,free/reduced,none,64,91,81
female,group C,master's degree,standard,completed,82,56,72
female,group E,high school,free/reduced,completed,64,97,83
female,group D,some high school,standard,none,94,74,89
female,group A,bachelor's degree,standard,none,77,25,17
female,group B,associate's degree,standard,completed,51,83,26
female,group B,master's degree,standard,completed,7,36,30
female,group E,master's degree,free/reduced,none,88,19,82
male,group C,high school,standard,completed,70,65,89
male,group B,high school,free/reduced,none,81,28,10
female,group D,master's degree,standard,completed,85,2,21
male,group E,master's degree,free/reduced,none,31,64,92
male,group C,bachelor's degree,standard,completed,100,59,48
female,group B,master's degree,standard,none,17,45,80
female,group B,bachelor's degree,standard,none,70,85,78
female,group D,some high school,standard,completed,42,84,32
male,group C,bachelor's degree,standard,completed,19,58,29
male,group C,high school,standard,none,94,52,89
male,group B,high school,free/reduced,completed,49,27,58
male,group B,high school,standard,completed,51,1,55
male,group E,associate's degree,standard,none,69,37,56
female,group C,master's degree,free/reduced,completed,81,31,62
male,group D,master's degree,free/reduced,completed,25,3,8
female,group A,master's degree,standard,none,16,14,5
female,group C,bachelor's degree,standard,none,64,37,46
female,group D,some high school,free/reduced,completed,47,38,97
male,group B,bachelor's degree,standard,none,60,78,70
male,group D,high school,free/reduced,completed,49,66,45
female,group E,master's degree,standard,none,54,26,34
male,group D,high school,standard,completed,10,67,48
female,group E,some high school,free/reduced,none,85,60,47
female,group C,master's degree,standard,completed,45,89,34
female,group E,bachelor's degree,standard,completed,15,90,31
male,group A,bachelor's degree,standard,none,31,77,99
female,group B,bachelor's degree,free/reduced,none,62,38,28
female,group C,bachelor's degree,free/reduced,none,76,100,31
male,group D,high school,standard,none,31,80,30
male,group E,some high school,standard,none,7,14,64
male,group A,master's degree,free/reduced,none,9,72,21
male,group A,associate's degree,standard,none,99,73,57
female,group C,some high school,free/reduced,none,10,69,49
female,group A,high school,standard,none,36,80,29
female,group A,high school,standard,completed,99,37,18
male,group E,associate's degree,free/reduced,none,39,79,70
male,group A,master's degree,free/reduced,none,29,2,49
female,group A,associate's degree,standard,completed,40,50,74
male,group D,associate's degree,standard,completed,5,98,97
male,group A,associate's degree,free/reduced,completed,82,96,69
male,group A,master's degree,standard,none,100,42,80
female,group B,bachelor's degree,free/reduced,none,57,88,82
female,group D,master's degree,free/reduced,completed,67,35,87
female,group D,high school,standard,completed,89,2,83
female,group B,associate's degree,standard,none,16,64,23
male,group D,associate's degree,free/reduced,none,26,16,21
female,group A,some high school,free/reduced,none,98,95,48
female,group B,some high school,standard,none,28,89,33
male,group E,high school,standard,completed,83,80,86
male,group B,bachelor's degree,standard,none,35,88,58
male,group C,master's degree,standard,none,17,56,15
male,group E,associate's degree,standard,none,86,42,5
female,group C,master's degree,standard,none,12,63,69
female,group B,high school,free/reduced,none,95,90,4
female,group B,some high school,standard,none,67,99,69
female,group C,some high school,free/reduced,completed,84,100,70
female,group C,some high school,free/reduced,none,31,84,50
male,group E,high school,standard,none,82,40,96
male,group A,master's degree,free/reduced,completed,26,76,28
female,group E,high school,standard,none,8,54,60
male,group E,master's degree,free/reduced,completed,44,51,83
male,group E,associate's degree,standard,none,38,82,6
male,group B,some high school,free/reduced,completed,87,12,55
female,group A,some high school,free/reduced,completed,79,24,63
male,group A,associate's degree,standard,completed,22,8,10
male,group E,associate's degree,standard,none,73,3,5
female,group E,some high school,free/reduced,completed,81,62,20
male,group D,bachelor's degree,free/reduced,completed,85,81,19
male,group A,master's degree,free/reduced,completed,3,8,55
female,group C,high school,standard,completed,59,63,4
female,group B,high school,standard,none,2,54,81
female,group C,bachelor's degree,free/reduced,none,18,14,19
female,group C,some high school,free/reduced,none,64,56,4
female,group B,high school,free/reduced,none,1,13,86
male,group E,high school,free/reduced,completed,42,0,72
female,group C,associate's degree,standard,completed,44,21,21
male,group A,some high school,free/reduced,none,13,58,29
male,group B,associate's degree,standard,completed,52,52,39
female,group C,master's degree,free/reduced,none,14,40,0
female,group A,some high school,free/reduced,completed,75,48,83
female,group E,high school,free/reduced,completed,0,100,29
female,group E,some high school,standard,completed,7,66,57
male,group C,bachelor's degree,free/reduced,none,90,64,29
male,group C,bachelor's degree,standard,none,36,56,98
male,group D,some high school,standard,none,8,95,59
female,group B,bachelor's degree,standard,completed,6,21,79
male,group E,some high school,free/reduced,none,86,16,27
female,group B,high school,standard,none,44,95,2
male,group A,bachelor's degree,standard,none,18,4,3
male,group C,some high school,standard,completed,56,72,26
female,group D,high school,free/reduced,completed,78,53,44
male,group B,some high school,free/reduced,none,98,77,56
female,group E,bachelor's degree,free/reduced,completed,96,20,33
male,group E,associate's degree,standard,none,69,85,70
female,group B,bachelor's degree,standard,none,6,0,77
male,group C,high school,standard,none,54,88,42
female,group D,some high school,standard,completed,81,6,31
female,group D,associate's degree,free/reduced,none,98,60,17
female,group D,associate's degree,standard,none,51,11,14
female,group C,associate's degree,free/reduced,none,42,41,42
male,group E,some high school,free/reduced,none,81,95,71
female,group D,associate's degree,free/reduced,none,17,4,79
male,group D,associate's degree,free/reduced,none,56,12,49
female,group C,associate's degree,free/reduced,completed,85,90,31
female,group E,high school,standard,none,83,95,16
male,group E,some high school,free/reduced,completed,54,2,71
male,group E,some high school,free/reduced,none,45,13,19
female,group E,bachelor's degree,free/reduced,completed,23,82,39
female,group A,associate's degree,free/reduced,completed,56,52,49
male,group C,bachelor's degree,free/reduced,none,71,82,68
female,group D,associate's degree,standard,completed,44,49,39
male,group D,bachelor's degree,standard,completed,50,56,1
female,group C,some high school,standard,completed,69,84,33
male,group C,associate's degree,free/reduced,none,48,40,42
male,group C,high school,free/reduced,completed,18,100,41
male,group D,high school,standard,completed,80,55,51
male,group C,high school,standard,none,19,69,90
male,group A,bachelor's degree,standard,completed,56,34,23
male,group D,some high school,free/reduced,none,99,46,99
female,group B,master's degree,standard,none,98,24,48
female,group E,some high school,standard,completed,30,4,11
male,group D,some high school,free/reduced,none,16,9,43
female,group E,some high school,free/reduced,completed,74,38,97
female,group A,some high school,free/reduced,none,51,8,78
male,group A,some high school,standard,completed,69,38,52
female,group D,associate's degree,free/reduced,completed,25,69,65
female,group D,some high school,standard,none,14,37,76
female,group E,some high school,standard,completed,60,57,66
female,group B,associate's degree,free/reduced,none,19,26,79
male,group A,master's degree,free/reduced,completed,3,96,95
female,group A,high school,free/reduced,none,10,80,21
female,group D,associate's degree,free/reduced,none,65,36,40
female,group B,bachelor's degree,free/reduced,none,7,68,22
female,group B,associate's degree,standard,completed,97,14,7
female,group D,master's degree,standard,completed,58,35,26
male,group B,some high school,standard,none,98,77,40
male,group C,bachelor's degree,free/reduced,completed,41,90,50
female,group E,bachelor's degree,standard,none,15,22,9
female,group C,high school,standard,completed,34,15,50
male,group C,high school,free/reduced,none,44,73,55
female,group A,bachelor's degree,free/reduced,none,89,15,76
female,group A,bachelor's degree,free/reduced,completed,6,60,59
male,group D,high school,standard,completed,14,45,50
male,group E,bachelor's degree,standard,completed,67,1,53
male,group B,bachelor's degree,free/reduced,none,98,15,77
female,group E,high school,standard,completed,17,53,30
male,group A,bachelor's degree,standard,completed,60,18,37
male,group D,bachelor's degree,free/reduced,completed,32,99,51
female,group A,associate's degree,standard,completed,70,39,70
male,group B,bachelor's degree,standard,none,29,4,38
male,group D,bachelor's degree,free/reduced,none,44,42,36
male,group A,high school,standard,none,63,48,89
female,group E,some high school,free/reduced,completed,48,22,84
male,group A,some high school,free/reduced,completed,6,19,61
female,group D,bachelor's degree,standard,none,55,4,65
female,group B,master's degree,free/reduced,completed,69,82,2
male,group C,master's degree,standard,none,93,6,95
female,group B,high school,free/reduced,completed,76,26,61
male,group D,high school,free/reduced,completed,74,21,47
female,group A,associate's degree,free/reduced,completed,8,72,24
female,group B,master's degree,free/reduced,completed,35,18,64
male,group C,associate's degree,standard,none,26,7,82
male,group C,some high school,free/reduced,none,32,97,29
male,group D,associate's degree,standard,completed,61,2,35
female,group C,high school,standard,none,69,48,14
female,group C,associate's degree,standard,completed,87,83,34
female,group B,high school,free/reduced,none,63,54,21
male,group C,high school,standard,completed,14,58,56
female,group E,some high school,standard,completed,47,83,4
female,group C,bachelor's degree,free/reduced,completed,57,76,15
female,group A,master's degree,standard,completed,9,98,74
male,group E,master's degree,free/reduced,none,16,47,16
female,group D,bachelor's degree,standard,completed,92,2,85
female,group A,some high school,standard,none,27,26,40
female,group A,master's degree,free/reduced,completed,67,23,72
female,group E,high school,free/reduced,none,43,98,8
female,group D,master's degree,standard,none,8,47,41
female,group B,associate's degree,free/reduced,completed,75,54,46
male,group A,bachelor's degree,standard,none,53,38,99
female,group B,bachelor's degree,standard,completed,60,32,1
male,group B,high school,free/reduced,none,80,74,56
female,group D,bachelor's degree,free/reduced,completed,74,11,2
male,group C,bachelor's degree,standard,none,60,5,91
female,group A,master's degree,free/reduced,none,78,35,39
male,group B,associate's degree,free/reduced,none,100,65,22
female,group A,high school,standard,none,66,15,70
female,group B,high school,standard,completed,51,98,63
female,group C,master's degree,standard,completed,94,34,27
female,group C,associate's degree,standard,completed,26,99,17
male,group D,some high school,standard,completed,24,81,64
female,group D,associate's degree,standard,completed,43,85,70
female,group D,bachelor's degree,free/reduced,completed,39,15,86
female,group A,associate's degree,standard,completed,48,48,16
female,group A,some high school,free/reduced,none,55,48,18
female,group B,bachelor's degree,standard,none,31,20,46
female,group C,master's degree,free/reduced,none,14,55,93
female,group A,high school,free/reduced,none,26,73,99
female,group B,master's degree,standard,none,17,65,17
female,group A,master's degree,standard,completed,61,40,19
male,group E,high school,standard,completed,53,96,40
male,group E,associate's degree,standard,none,16,25,16
female,group D,high school,standard,none,44,28,53
male,group C,some high school,free/reduced,none,72,94,17
male,group A,some high school,free/reduced,none,18,0,39
male,group E,high school,free/reduced,completed,97,54,49
female,group B,master's degree,free/reduced,completed,66,20,99
male,group C,some high school,free/reduced,none,4,5,10
female,group E,associate's degree,free/reduced,completed,52,23,27
male,group C,master's degree,free/reduced,none,28,14,41
male,group C,bachelor's degree,free/reduced,none,24,19,64
male,group C,master's degree,standard,none,35,82,0
male,group C,bachelor's degree,standard,completed,19,14,45
female,group C,high school,standard,completed,69,29,60
male,group B,master's degree,free/reduced,completed,65,72,68
female,group B,high school,free/reduced,none,88,89,23
male,group A,associate's degree,free/reduced,completed,91,8,21
male,group D,some high school,free/reduced,none,28,88,90
female,group D,high school,standard,completed,24,78,57
female,group C,bachelor's degree,standard,none,76,71,76
male,group E,associate's degree,free/reduced,none,89,47,82
male,group C,bachelor's degree,standard,completed,32,42,78
male,group E,high school,free/reduced,none,66,86,23
female,group A,bachelor's degree,standard,completed,47,51,91
male,group B,some high school,free/reduced,none,45,91,56
female,group B,some high school,standard,completed,70,88,93
female,group D,master's degree,standard,none,7,38,62
male,group D,associate's degree,standard,completed,57,4,77
male,group B,master's degree,free/reduced,completed,39,39,96
male,group B,associate's degree,standard,none,29,93,97
male,group B,some high school,free/reduced,completed,29,85,66
female,group C,master's degree,free/reduced,none,85,0,60
female,group A,bachelor's degree,free/reduced,none,66,4,89
female,group A,high school,free/reduced,none,51,98,74
male,group B,master's degree,standard,completed,60,13,42
male,group B,master's degree,standard,completed,46,94,70
male,group A,master's degree,standard,none,66,16,9
male,group A,high school,free/reduced,completed,79,74,36
male,group B,high school,standard,completed,84,87,86
female,group B,bachelor's degree,standard,completed,6,90,99
male,group E,high school,standard,none,3,74,79
male,group A,high school,free/reduced,none,43,83,3
male,group D,some high school,free/reduced,none,22,100,50
female,group B,master's degree,free/reduced,completed,80,31,55
male,group E,high school,free/reduced,none,41,85,84
female,group A,some high school,standard,none,68,36,82
male,group D,bachelor's degree,free/reduced,completed,92,3,2
male,group E,some high school,standard,none,100,64,36
male,group B,some high school,free/reduced,completed,60,14,20
female,group D,high school,standard,none,62,37,67
male,group E,high school,standard,none,65,75,11
male,group D,some high school,standard,none,42,78,32
male,group D,some high school,free/reduced,completed,95,91,77
male,group D,master's degree,standard,completed,58,28,69
female,group C,high school,free/reduced,completed,4,64,95
female,group B,some high school,standard,completed,29,43,10
female,group D,associate's degree,free/reduced,none,83,47,26
female,group B,master's degree,free/reduced,completed,83,29,95
female,group A,associate's degree,free/reduced,completed,97,97,42
male,group D,master's degree,free/reduced,none,82,23,25
female,group C,bachelor's degree,free/reduced,none,17,68,47
male,group B,some high school,free/reduced,none,53,6,97
female,group B,associate's degree,free/reduced,none,98,33,10
female,group D,master's degree,free/reduced,none,90,34,11
female,group A,master's degree,standard,none,48,60,50
male,group A,some high school,free/reduced,completed,68,13,37
male,group E,some high school,standard,completed,69,38,38
female,group A,master's degree,free/reduced,completed,59,39,49
male,group C,master's degree,free/reduced,none,37,77,38
male,group A,some high school,free/reduced,completed,15,31,3
female,group A,some high school,standard,none,46,13,94
male,group D,some high school,free/reduced,none,21,48,53
male,group D,associate's degree,standard,completed,78,15,25
male,group B,associate's degree,standard,none,75,27,28
female,group D,some high school,standard,none,49,55,22
male,group E,bachelor's degree,free/reduced,none,49,9,55
male,group C,high school,standard,completed,13,30,87
female,group E,associate's degree,standard,completed,1,28,25
female,group D,bachelor's degree,free/reduced,none,96,24,25
female,group A,master's degree,free/reduced,completed,49,73,91
female,group A,associate's degree,free/reduced,none,63,49,29
male,group D,some high school,free/reduced,none,74,78,10
male,group A,high school,free/reduced,completed,67,96,24
female,group E,some high school,standard,none,23,11,12
male,group B,associate's degree,standard,completed,54,40,82
male,group D,associate's degree,standard,completed,26,64,97
male,group D,high school,free/reduced,none,89,79,17
male,group A,bachelor's degree,standard,completed,18,67,98
female,group E,high school,standard,none,83,99,16
male,group C,high school,free/reduced,completed,64,53,19
female,group D,some high school,free/reduced,completed,93,22,70
male,group A,master's degree,standard,completed,88,32,40
male,group B,bachelor's degree,standard,completed,87,38,26
female,group D,some high school,standard,none,9,38,28
female,group A,associate's degree,free/reduced,completed,75,44,100
female,group D,some high school,free/reduced,none,44,66,7
male,group B,bachelor's degree,standard,none,33,69,54
female,group C,associate's degree,standard,completed,50,30,54
male,group D,some high school,standard,completed,10,28,55
male,group A,associate's degree,free/reduced,none,93,30,63
male,group B,bachelor's degree,standard,none,39,39,27
female,group C,master's degree,free/reduced,completed,30,57,30
